,gtfs_agency_name,gtfs_stop_id,gtfs_stop_lat,gtfs_stop_lon,gtfs_route_id,gtfs_ZDEr_ID_REF_A,gtfs_dest_name,gtfs_stop_name,osm_stop_id,osm_lon,osm_lat,osm_osm:ref:FR:STIF:ExternalCode_Line,osm_osm:ref:FR:STIF,osm_destination,osm_name,distance
1,Keolis Seine Val-De-Marne,StopPoint:4:134,48.739734,2.418538,002002002:CEN,10291,Villeneuve-le-roi Gare RER,Louis Jarrige,StopPoint:Node:4324200432,2.4201029999999997,48.7398545,002002002:CEN,10291,Gare de Villeneuve-le-Roi,Louis Jarrige,115.88654139973481
156,Mobicaps,StopPoint:57:1012,48.698523,2.205734,006006010:1,21828,Gare d'Igny,Cimetière d'Orsay,StopPoint:Node:3842669990,2.20785,48.6988917,006006010:1,21828,Gare d’Igny RER,Cimetière d'Orsay,161.06913059850865
229,Mobicaps,StopPoint:57:980,48.696354,2.195325,006006010:1,11389,Gare d'Igny,Bois de la Grille Noire,StopPoint:Node:1932103471,2.194091,48.6962902,006006010:1,11389,Gare d’Igny RER,Bois de la Grille Noire,91.11828928828528
307,Transdev Ile-de-France Ecquevilly,StopPoint:21:395,48.852182,2.046903,011011017:17,32661,GARE RIVE DROITE,Tuilerie,StopPoint:Node:5404137370,2.0450616999999998,48.8522737,011011017:17,32661,Gare de Versailles Rive Droite,Tuilerie,135.51359420315933
309,Transdev Ile-de-France Ecquevilly,StopPoint:21:398,48.852962,2.041303,011011017:17,32664,GARE RIVE DROITE,Tuilerie Bignon,StopPoint:Node:5404112407,2.0424389,48.8527041,011011017:17,32664,Gare de Versailles Rive Droite,Tuilerie Bignon,88.15622646656507
328,Transdev Ile-de-France Ecquevilly,StopPoint:21:178,48.886348,1.923934,011011017:17S,32497,GARE RIVE DROITE,Carrefour 307,StopPoint:Node:1237664309,1.9224515,48.8863378,011011017:17S,32497,Gare de Versailles Rive Droite,Carrefour 307,108.72971113938638
344,Transdev Ile-de-France Ecquevilly,StopPoint:21:395,48.852182,2.046903,011011017:17S,32661,GARE RIVE DROITE,Tuilerie,StopPoint:Node:5404137370,2.0450616999999998,48.8522737,011011017:17S,32661,Gare de Versailles Rive Droite,Tuilerie,135.51359420315933
347,Transdev Ile-de-France Ecquevilly,StopPoint:21:398,48.852962,2.041303,011011017:17S,32664,GARE RIVE DROITE,Tuilerie Bignon,StopPoint:Node:5404112407,2.0424389,48.8527041,011011017:17S,32664,Gare de Versailles Rive Droite,Tuilerie Bignon,88.15622646656507
362,Transdev Ile-de-France Ecquevilly,StopPoint:21:816,48.896873,1.868586,011011017:17S,32931,GARE RIVE DROITE,Maurice Cayen,StopPoint:Node:4590664329,1.8700721999999999,48.894541,011011017:17S,32931,Gare de Versailles Rive Droite,Maurice Cayen,281.30210030257695
427,CIF,StopPoint:8:30109,48.966234,2.409218,014014011:11,38470,Victor Basch,Croix Buard,StopPoint:Node:2752181469,2.4084228,48.9656865,014014011:11,38470,Victor Basch Goussainville,Croix Buard,84.24650101106201
446,CIF,StopPoint:8:30185,49.037832,2.467995,014014011:11,37990,Victor Basch,École Gabriel péri,StopPoint:Node:345242675,2.4674704,49.0383815,014014011:11,37990,Victor Basch Goussainville,École Gabriel Péri,72.15041459054191
455,CIF,StopPoint:8:30218,49.011561,2.472218,014014011:11,38797,Victor Basch,Le Moulin,StopPoint:Node:837569719,2.4725973,49.0099568,014014011:11,38797,Victor Basch Goussainville,Le Moulin,180.5480133005709
498,CIF,StopPoint:8:30185,49.037832,2.467995,014014032:32,37990,Victor Basch,École Gabriel péri,StopPoint:Node:345242675,2.4674704,49.0383815,014014032:32,37990,Goussainville Victor Basch,École Gabriel Péri,72.15041459054191
517,CIF,StopPoint:8:30218,49.011561,2.472218,014014032:32,38797,Victor Basch,Le Moulin,StopPoint:Node:837569719,2.4725973,49.0099568,014014032:32,38797,Goussainville Victor Basch,Le Moulin,180.5480133005709
526,CIF,StopPoint:8:30550,49.010838,2.483431,014014032:32,38447,Victor Basch,Avenue Bocquet,StopPoint:Node:837569736,2.4825084,49.010194999999996,014014032:32,38447,Goussainville Victor Basch,Avenue Bocquet,98.3302808567786
559,CIF,StopPoint:8:30167,49.022577,2.465278,014014099:Gbus,38478,Goussainville RER D,Carrefour de l Europe,StopPoint:Node:372723106,2.4653799,49.021687,014014099:Gbus,38478,Goussainville RER,Carrefour de l'Europe,99.25724973518972
586,CIF,StopPoint:8:30185,49.037832,2.467995,014014104:R104,37990,Sécurité Sociale,École Gabriel péri,StopPoint:Node:345242675,2.4674704,49.0383815,014014104:R104,37990,Sécurité Sociale (Goussainville),École Gabriel Péri,72.15041459054191
655,Busval d'Oise,StopPoint:8:30549,49.010416,2.483143,014195002:95-02,38421,Aéroport CDG1 - Gare,Avenue Bocquet,StopPoint:Node:837569757,2.4817712999999997,49.009794799999995,014195002:95-02,38421,Aéroport CDG1 RER B,Avenue Bocquet,121.83002799335824
674,CSO,StopPoint:23:813,48.850779,2.050845,015015027:27,14087,Allée du Tillet,Tuilerie,StopPoint:Node:5404137370,2.0450616999999998,48.8522737,015015027:27,14087,Allée du Tillet (Bailly),Tuilerie,455.8189554752326
769,Busval d'Oise,StopPoint:84:128,49.1158,2.01811,025195008:95-08,29617,Préfecture / RER,Eglise,StopPoint:Node:4557788581,2.0171369,49.1165795,025195008:95-08,29617,Préfecture / RER,Les Grands Prés,112.0779490190413
773,Busval d'Oise,StopPoint:84:13,49.147992,1.984819,025195008:95-08,29518,Préfecture / RER,Collège Les Hautiers,StopPoint:Node:4324090065,1.98525,49.1489152,025195008:95-08,29518,Préfecture / RER,Collège Les Hautiers,107.37834556249857
778,Busval d'Oise,StopPoint:84:13,49.147992,1.984819,025195008:95-08,29518,Centre Ville,Collège Les Hautiers,StopPoint:Node:4324090065,1.98525,49.1489152,025195008:95-08,29518,Centre Ville,Collège Les Hautiers,107.37834556249857
849,Busval d'Oise,StopPoint:84:128,49.1158,2.01811,025195034:95-34,29617,Collège Les Hautiers,Eglise,StopPoint:Node:4557788581,2.0171369,49.1165795,025195034:95-34,29617,Collège les Hautiers,Les Grands Prés,112.0779490190413
867,HOURTOULE,StopPoint:50:7674,48.799062,2.069769,027027010:10,20631,Rive Gauche,République,StopPoint:Node:4489400520,2.0706271,48.7996589,027027010:10,20631,Versailles Rive-Gauche,République,91.5437053464338
1036,STAVO,StopPoint:50:7671,48.799954,2.066513,044044001:44,415371,Valibout,Mairie de Saint-Cyr-l'Ecole,StopPoint:Node:2015858270,2.0648646,48.800348899999996,044044001:44,415371,Valibout (Plaisir),Mairie,128.81507080401255
1038,STAVO,StopPoint:50:7673,48.803979,2.057933,044044001:44,5857,Valibout,Paul Flé,StopPoint:Node:4397412919,2.0566633999999997,48.8048449,044044001:44,5857,Valibout (Plaisir),Paul Flé,134.05300642369824
1042,STAVO,StopPoint:50:8165,48.801871,2.08849,044044001:44,5894,Valibout,INRA,StopPoint:Node:5331168578,2.0858236999999997,48.801839099999995,044044001:44,5894,Valibout (Plaisir),INRA,195.9028086605435
1045,STAVO,StopPoint:50:8175,48.803435,2.106116,044044001:44,4151,Valibout,Matelots,StopPoint:Node:3444487354,2.1047985,48.803494099999995,044044001:44,4151,Valibout (Plaisir),Les Matelots,97.0054691404115
1047,STAVO,StopPoint:50:7670,48.800319,2.064837,044044007:7,415372,Lycée Franco-Allemand,Mairie de Saint-Cyr-l'Ecole,StopPoint:Node:156492856,2.0664718,48.7999344,044044007:7,415372,Lycée Franco-Allemand (Buc),Mairie,127.48750072333928
1211,Trans Val d'Oise,StopPoint:11:183,48.962234,2.455602,050050023:23,14661,Gare d'Aulnay-sous-Bois,ZAC Les Tulipes Sud,StopPoint:Node:1569531733,2.4567460999999997,48.9633226,050050023:23,14661,Gare d'Aulnay-sous-Bois,ZAC Les Tulipes Sud,147.2237400587316
1217,Trans Val d'Oise,StopPoint:11:205,48.967538,2.462493,050050023:23,22276,Gare d'Aulnay-sous-Bois,ZAC Les Tulipes Nord,StopPoint:Node:5246624249,2.4613986,48.9666329,050050023:23,22276,Gare d'Aulnay-sous-Bois,ZAC les Tulipes Nord,128.65703445750833
1269,Trans Val d'Oise,StopPoint:11:54,48.994352,2.423446,050050023:23,14560,Centre Commercial O'Parinor,Aubépines,StopPoint:Node:5246309040,2.4241637,48.9938553,050050023:23,14560,Centre Commercial O'Parinor,Aubépines,76.22161558820781
1273,Trans Val d'Oise,StopPoint:11:54,48.994352,2.423446,050050023:23,14560,Gare d'Aulnay-sous-Bois,Aubépines,StopPoint:Node:5246309040,2.4241637,48.9938553,050050023:23,14560,Gare d'Aulnay-sous-Bois,Aubépines,76.22161558820781
1331,Trans Val d'Oise,StopPoint:11:54,48.994352,2.423446,050050025:25,14560,Zone Industrielle,Aubépines,StopPoint:Node:5246309040,2.4241637,48.9938553,050050025:25,14560,Zone Industrielle,Aubépines,76.22161558820781
1363,Pep's,StopPoint:9:606,48.860456,2.736104,051051002:02,23561,GARE DE VAL D'EUROPE,L'OREE DU BOIS,StopPoint:Node:4610103967,2.7370921999999998,48.860759099999996,051051002:02,23561,Val d'Europe,L'Orée du Bois,79.96150492685648
1371,Pep's,StopPoint:9:866,48.852948,2.73986,051051002:02,15384,GARE DE VAL D'EUROPE,TERRES FORTES,StopPoint:Node:2299891685,2.738302,48.852750099999994,051051002:02,15384,Val d'Europe,Terres Fortes,116.43590718804077
1660,Pep's,StopPoint:9:1214,48.870526,2.707245,051051021:21,15510,GARE DE LAGNY THORIGNY,PEDUZZI,StopPoint:Node:796509635,2.708199,48.869675,051051021:21,15510,Gare de Lagny,Peduzzi,117.70489003866962
1680,Pep's,StopPoint:9:1737,48.83897,2.654381,051051021:21,417794,GARE DE LAGNY THORIGNY,TORCY RER L 21,StopPoint:Node:4136423192,2.6555869,48.8384682,051051021:21,417794,Gare de Lagny,Torcy RER,104.64342243339102
1753,Pep's,StopPoint:9:606,48.860456,2.736104,051051022:22,23561,GARE DE VAL D'EUROPE,L'OREE DU BOIS,StopPoint:Node:4610103967,2.7370921999999998,48.860759099999996,051051022:22,23561,Val d'Europe,L'Orée du Bois,79.96150492685648
1778,Pep's,StopPoint:9:1272,48.87765,2.727707,051051023:23,15543,GARE DE LAGNY THORIGNY,COTEAUX RD934,StopPoint:Node:4328379451,2.7265343,48.8776442,051051023:23,15543,Gare de Lagny,Coteaux RD934,86.020967298461
1779,Pep's,StopPoint:9:1272,48.87765,2.727707,051051023:23,15543,GARE DE LAGNY THORIGNY,COTEAUX RD934,StopPoint:Node:4328379451,2.7265343,48.8776442,051051023:23,15543,Gare de Lagny,Coteaux RD934,86.020967298461
1891,Pep's,StopPoint:9:1672,48.874,2.69081,051051025:25,41657,GARE DE LAGNY THORIGNY,BRANLY,StopPoint:Node:5212586440,2.6882945,48.8732342,051051025:25,41657,Gare de Lagny,Branly,203.23280647988395
2096,Pep's,StopPoint:9:926,48.848975,2.657207,051051029:29,15418,GARE DE LAGNY THORIGNY,RUE DES EPINETTES,StopPoint:Node:482735215,2.6562639,48.8482178,051051029:29,15418,Gare de Lagny,Rue des Epinettes,109.00294481656114
2110,Pep's,StopPoint:9:1457,48.849881,2.768708,051051032:32,22486,GARE DE VAL D'EUROPE,CENTRE HOSPITALIER,StopPoint:Node:5225418004,2.7702842999999997,48.851091399999994,051051032:32,22486,Gare de Val d'Europe,Centre Hospitalier,177.48686006911942
2129,Pep's,StopPoint:9:1270,48.84722,2.824737,051051034:34,15541,GARE DE VAL D'EUROPE,PLACE DE LA MAIRIE,StopPoint:Node:2995793846,2.8231995999999997,48.846728899999995,051051034:34,15541,Val d'Europe,Place de la Mairie,125.36022476179038
2169,Pep's,StopPoint:9:1496,48.876983,2.805491,051051034:34,426628,GARE DE VAL D'EUROPE,HOTEL DU VAL DE FRANCE,StopPoint:Node:3738175373,2.8034101,48.8736797,051051034:34,426628,Val d'Europe,Hôtels du Val de France,397.802340442257
2200,Pep's,StopPoint:9:1270,48.84722,2.824737,051051035:35,15541,GARE DE MARNE LA VALLEE CHESSY,PLACE DE LA MAIRIE,StopPoint:Node:2995793846,2.8231995999999997,48.846728899999995,051051035:35,15541,Gare de Marne-La-Vallée Chessy,Place de la Mairie,125.36022476179038
2205,Pep's,StopPoint:9:1353,48.870829,2.795681,051051035:35,15586,GARE DE MARNE LA VALLEE CHESSY,SANTA FE,StopPoint:Node:1709739981,2.7950402,48.8719608,051051035:35,15586,Gare de Marne-La-Vallée Chessy,Santa Fe,134.35658319111894
2370,Pep's,StopPoint:9:1353,48.870829,2.795681,051267024:24,15586,GARE DE MARNE LA VALLEE CHESSY,SANTA FE,StopPoint:Node:1709739981,2.7950402,48.8719608,051267024:24,15586,Gare de Marne la Vallée Chessy,Santa Fe,134.35658319111894
2371,Pep's,StopPoint:9:1353,48.870829,2.795681,051267024:24,15586,GARE DE MARNE LA VALLEE CHESSY,SANTA FE,StopPoint:Node:1709739981,2.7950402,48.8719608,051267024:24,15586,Gare de Marne la Vallée Chessy,Santa Fe,134.35658319111894
2503,TRANSPORTS DANIEL MEYER,StopPoint:46:11499,48.671078,2.361239,055055003:DM03,3553,Sycomores,Lt Col. Bizeul,StopPoint:Node:497040887,2.3599742999999997,48.670808799999996,055055003:DM03,3553,Sycomores,Lt Col. Bizeul,97.84065175872433
2554,TRANSPORTS DANIEL MEYER,StopPoint:46:11496,48.677377,2.371666,055055008:DM08,3550,Porte de l'Essonne,Café des Sports,StopPoint:Node:661048896,2.372916,48.678014999999995,055055008:DM08,3550,Porte de L'Essonne - Paray-Vieille-Poste,Café des Sports,116.22147436225869
2560,TRANSPORTS DANIEL MEYER,StopPoint:46:11506,48.662287,2.361208,055055008:DM08,3560,Porte de l'Essonne,Voie de Compiègne,StopPoint:Node:661045295,2.3634082,48.6616638,055055008:DM08,3560,Porte de L'Essonne - Paray-Vieille-Poste,Voie de Compiègne,176.27368392868522
2602,TRANSPORTS DANIEL MEYER,StopPoint:46:11499,48.671078,2.361239,055055022:DM22,3553,Tuileries,Lt Col. Bizeul,StopPoint:Node:497040887,2.3599742999999997,48.670808799999996,055055022:DM22,3553,Tuileries - Grigny,Lt Col. Bizeul,97.84065175872433
2603,TRANSPORTS DANIEL MEYER,StopPoint:46:11499,48.671078,2.361239,055055022:DM22,3553,Tuileries,Lt Col. Bizeul,StopPoint:Node:497040887,2.3599742999999997,48.670808799999996,055055022:DM22,3553,Tuileries - Grigny,Lt Col. Bizeul,97.84065175872433
2629,TRANSPORTS DANIEL MEYER,StopPoint:46:8879,48.710058,2.297477,055155001:DM151,2967,Porte d'Etampes,Le Petit Chilly,StopPoint:Node:5318124781,2.2972788,48.708564499999994,055155001:DM151,2967,Arpajon - Porte d'Étampes,Le Petit Chilly,166.72266488715695
2664,Phébus,StopPoint:2:39,48.82015,2.119448,056356015:S,4094,Gare de Vaucresson,Stade Michaux,StopPoint:Node:1807245076,2.1181948,48.8209182,056356015:S,4094,Vaucresson Gare,Stade Michaux,125.56746298296484
3158,STIVO,StopPoint:40:20,49.047555,2.008825,059440036:36,9578,Pontoise Gare,Fief à Cavan,StopPoint:Node:1864378071,2.007936,49.0473031,059440036:36,9578,Pontoise Gare,Fief à Caven,70.76873632263309
3360,STIVO,StopPoint:40:20,49.047555,2.008825,059440039:39,9578,St Christ. RER,Fief à Cavan,StopPoint:Node:1864378071,2.007936,49.0473031,059440039:39,9578,St Christ. RER,Fief à Caven,70.76873632263309
3544,STIVO,StopPoint:40:219,49.049915,2.034786,059440044:44,21759,Préfecture RER,St Christ. RER,StopPoint:Node:4901138415,2.0335413,49.050041199999995,059440044:44,21759,Cergy Préfecture,Cergy Saint-Christophe,92.06185755754382
3639,STIVO,StopPoint:40:259,49.036936,2.071737,059440045:45,8903,Pontoise Gare,Chemin Dupuis,StopPoint:Node:1867242088,2.0708652,49.03642,059440045:45,8903,Pontoise Gare,Chemin Dupuis,85.7690450581078
4860,Sénart-Bus,StopPoint:29:2004,48.627387,2.556115,065487100:Tzen1,33523,CORBEIL ESSONNES GARE RER,CHATEAU DE LA BARRIERE,StopPoint:Node:1349414703,2.5546132,48.626974399999995,065487100:Tzen1,33523,Corbeil-Essonnes Gare RER,Château de la Barrière,119.83848640052116
4861,Sénart-Bus,StopPoint:29:2005,48.627296,2.556197,065487100:Tzen1,33524,LIEUSAINT  MOISSY GARE RER,CHATEAU DE LA BARRIERE,StopPoint:Node:1349414700,2.5547098,48.6268858,065487100:Tzen1,33524,Lieusaint - Moissy Gare RER,Château de la Barrière,118.74234747430492
4862,Sénart-Bus,StopPoint:29:2006,48.618452,2.542633,065487100:Tzen1,33525,CORBEIL ESSONNES GARE RER,CARRE - CANAL,StopPoint:Node:1349414678,2.5420167,48.619320599999995,065487100:Tzen1,33525,Corbeil-Essonnes Gare RER,Carré Canal,106.74448675063383
4863,Sénart-Bus,StopPoint:29:2007,48.618479,2.542743,065487100:Tzen1,33526,LIEUSAINT  MOISSY GARE RER,CARRE - CANAL,StopPoint:Node:1349414679,2.542165,48.6193635,065487100:Tzen1,33526,Lieusaint - Moissy Gare RER,Carré Canal,107.19341868892971
4868,Sénart-Bus,StopPoint:29:2012,48.614672,2.532908,065487100:Tzen1,40570,CORBEIL ESSONNES GARE RER,CARRE ALLEE ROYAL,StopPoint:Node:2974301415,2.5326074999999997,48.6139746,065487100:Tzen1,40570,Corbeil-Essonnes Gare RER,Carré Allée Royale,80.65564720978527
4870,Sénart-Bus,StopPoint:29:2014,48.614441,2.516323,065487100:Tzen1,40572,CORBEIL ESSONNES GARE RER,LA CLEF DE SAINT PIERRE,StopPoint:Node:1349414718,2.5189714999999997,48.613918999999996,065487100:Tzen1,40572,Corbeil-Essonnes Gare RER,La Clé de Saint-Pierre,203.73240909201564
4871,Sénart-Bus,StopPoint:29:2015,48.614102,2.516102,065487100:Tzen1,40573,LIEUSAINT  MOISSY GARE RER,LA CLEF DE SAINT PIERRE,StopPoint:Node:1349414713,2.518907,48.6138303,065487100:Tzen1,40573,Lieusaint - Moissy Gare RER,La Clé de Saint-Pierre,209.0235386542289
4875,Sénart-Bus,StopPoint:29:2019,48.619389,2.510298,065487100:Tzen1,33534,LIEUSAINT  MOISSY GARE RER,LA TOUR MAURY,StopPoint:Node:1349414732,2.5100029999999998,48.6187215,065487100:Tzen1,33534,Lieusaint - Moissy Gare RER,La Tour Maury,77.34847506506772
4876,Sénart-Bus,StopPoint:29:2020,48.624337,2.51449,065487100:Tzen1,33535,CORBEIL ESSONNES GARE RER,LES PRES HAUTS,StopPoint:Node:1349414733,2.5154951999999997,48.6257557,065487100:Tzen1,33535,Corbeil-Essonnes Gare RER,Les Prés Hauts,174.29966088953176
4877,Sénart-Bus,StopPoint:29:2021,48.624389,2.514316,065487100:Tzen1,33536,LIEUSAINT  MOISSY GARE RER,LES PRES HAUTS,StopPoint:Node:1349414739,2.5153811,48.625778,065487100:Tzen1,33536,Lieusaint - Moissy Gare RER,Les Prés Hauts,173.2718225996083
4879,Sénart-Bus,StopPoint:29:2023,48.62897,2.492543,065487100:Tzen1,33538,LIEUSAINT  MOISSY GARE RER,POINTE RINGALE,StopPoint:Node:1349414751,2.4940739,48.629512899999995,065487100:Tzen1,33538,Lieusaint - Moissy Gare RER,Pointe Ringale,127.98196563578263
4935,Sénart-Bus,StopPoint:29:57,48.653393,2.561439,065487110:SOL,33037,COMBS LA VILLE GARE RER,ORMEAU  MONGE,StopPoint:Node:2874052985,2.5599621999999997,48.652637999999996,065487110:SOL,33037,Combs-la-Ville - Quincy Gare RER,Ormeau Monge,137.43483438643074
4936,Sénart-Bus,StopPoint:29:58,48.652035,2.56203,065487110:SOL,33038,LIEUSAINT  MOISSY GARE RER,ORMEAU SALLE DES FETES,StopPoint:Node:2874052986,2.562289,48.6512202,065487110:SOL,33038,Lieusaint - Moissy Gare RER,Ormeau Salle des Fêtes,92.59597996861552
4940,Sénart-Bus,StopPoint:29:666,48.635414,2.575941,065487110:SOL,418871,LIEUSAINT  MOISSY GARE RER,ECOPOLE RIO,StopPoint:Node:3544901231,2.5762779,48.6412488,065487110:SOL,418871,Lieusaint - Moissy Gare RER,Écopôle Rio,649.3205670984969
4941,Sénart-Bus,StopPoint:29:667,48.635251,2.576211,065487110:SOL,418868,COMBS LA VILLE GARE RER,ECOPOLE RIO,StopPoint:Node:3544901232,2.5762323,48.6414809,065487110:SOL,418868,Combs-la-Ville - Quincy Gare RER,Écopôle Rio,692.7836400640101
5008,Sénart-Bus,StopPoint:29:9042,48.630136,2.558043,065487122:DO,424110,PORTE DE PARIS,BOIS DU BRAY,StopPoint:Node:4811656899,2.5570777,48.630291,065487122:DO,424110,Porte de Paris (Lieusaint),Bois du Bray,73.21205380123722
5043,Sénart-Bus,StopPoint:29:580,48.617877,2.570885,065487126:LA,33458,LIEUSAINT  MOISSY GARE RER,CHATEAU D EAU C.BERNARD,StopPoint:Node:4853616754,2.5699088999999997,48.6177619,065487126:LA,33458,Lieusaint - Moissy Gare RER,Château d'Eau C. Bernard,73.09716314943593
5070,Sénart-Bus,StopPoint:29:666,48.635414,2.575941,065487128:LA,418871,LIEUSAINT  MOISSY GARE RER,ECOPOLE RIO,StopPoint:Node:3544901231,2.5762779,48.6412488,065487128:LA,418871,Lieusaint - Moissy Gare RER,Écopôle Rio,649.3205670984969
5071,Sénart-Bus,StopPoint:29:667,48.635251,2.576211,065487128:LA,418868,LIEUSAINT  MOISSY GARE RER,ECOPOLE RIO,StopPoint:Node:3544901232,2.5762323,48.6414809,065487128:LA,418868,Lieusaint - Moissy Gare RER,Écopôle Rio,692.7836400640101
5199,CITALIEN,StopPoint:27:441,48.614476,2.544828,066487077:CITA,31127,Gare Routiere Mail,Carré trait d'Union,StopPoint:Node:4869871042,2.5442643,48.6156066,066487077:CITA,31127,Gare Routière Mail (Melun),Carré Trait d'Union,132.41753844622784
5206,CITALIEN,StopPoint:27:449,48.621151,2.540688,066487077:CITA,31134,Gare Routiere Mail,SENART CITOYENNETE,StopPoint:Node:4869871045,2.5425343,48.618293,066487077:CITA,31134,Gare Routière Mail (Melun),Carré Citoyenneté,345.7406408579388
5231,Phébus,StopPoint:36:2080,48.799981,2.066444,078078006:6,415371,Gare de Saint-Cyr l'Ecole,Mairie,StopPoint:Node:2015858270,2.0648646,48.800348899999996,078078006:6,415371,Gare de Saint-Cyr,Mairie,123.03093316665944
5232,Phébus,StopPoint:36:2081,48.800408,2.064809,078078006:6,415372,Gare de Saint-Cyr l'Ecole,Mairie,StopPoint:Node:156492856,2.0664718,48.7999344,078078006:6,415372,Gare de Saint-Cyr,Mairie,133.02602786143945
5257,RATP,StopPoint:59:3716895,48.843693,2.373303,100100020:20,421409,GARE DE LYON.,GARE DE LYON,StopPoint:Node:1352477879,2.3741662999999997,48.8432202,100100020:20,421409,Gare de Lyon,Gare de Lyon,82.33997098409341
5267,RATP,StopPoint:59:3807627,48.868126,2.343281,100100020:20,26750,GARE DE LYON.,REAUMUR - MONTMARTRE,StopPoint:Node:1244633375,2.3442419,48.867955099999996,100100020:20,26750,Gare de Lyon,Réaumur — Montmartre,73.01325038810802
5712,RATP,StopPoint:59:5018165,48.888796,2.315672,100100031:31,40838,CHARLES DE GAULLE - ETOILE,PARC MARTIN LUTHER KING,StopPoint:Node:596084024,2.3163819,48.8894494,100100031:31,40838,Charles de Gaulle-Étoile,Parc Martin Luther King,89.38761823082604
5763,RATP,StopPoint:59:5761425,48.895407,2.370409,100100035:35,23485,MAIRIE D'AUBERVILLIERS,EVANGILE - AUBERVILLIERS,StopPoint:Node:2327643422,2.3694595,48.895195199999996,100100035:35,23485,Aubervilliers — Mairie d'Aubervilliers,Évangile - Aubervilliers,73.4984460334265
5907,RATP,StopPoint:59:3807627,48.868126,2.343281,100100039:39,26750,GARE DU NORD,REAUMUR - MONTMARTRE,StopPoint:Node:1244633375,2.3442419,48.867955099999996,100100039:39,26750,Gare du Nord,Réaumur — Montmartre,73.01325038810802
6123,RATP,StopPoint:59:3749749,48.878571,2.399803,100100048:48,24822,PALAIS ROYAL - MUSEE DU LOUVRE,RUE DES BOIS,StopPoint:Node:589365381,2.3941613999999998,48.8775749,100100048:48,24822,Palais Royal-Musée du Louvre,Place des Fetes,428.38269955310386
6124,RATP,StopPoint:59:3749751,48.876148,2.393464,100100048:48,26274,PORTE DES LILAS,PLACE DES FETES,StopPoint:Node:589386016,2.3925209,48.876910699999996,100100048:48,26274,Porte des Lilas,Place des Fêtes,109.45210619142766
6176,RATP,StopPoint:59:4016293,48.891322,2.318669,100100054:54,24603,PORTE D'AUBERVILLIERS,BROCHANT - CARDINET,StopPoint:Node:596079812,2.3179000999999997,48.891836,100100054:54,24603,Porte d'Aubervilliers,Brochant - Cardinet,80.2899897227882
6225,RATP,StopPoint:59:3926297,48.846136,2.376886,100100057:57,24798,PORTE DE BAGNOLET - LOUIS GANNE,DAUMESNIL - DIDEROT,StopPoint:Node:1223052374,2.3780989999999997,48.846289,100100057:57,24798,Porte de Bagnolet - Louis Ganne,Daumesnil - Diderot,90.64158374359499
6307,RATP,StopPoint:59:3749751,48.876148,2.393464,100100060:60,26274,GAMBETTA,PLACE DES FETES,StopPoint:Node:589386016,2.3925209,48.876910699999996,100100060:60,26274,Gambetta,Place des Fêtes,109.45210619142766
6316,RATP,StopPoint:59:5761425,48.895407,2.370409,100100060:60,23485,GAMBETTA,EVANGILE - AUBERVILLIERS,StopPoint:Node:2327643422,2.3694595,48.895195199999996,100100060:60,23485,Gambetta,Évangile - Aubervilliers,73.4984460334265
6327,RATP,StopPoint:59:5770770,48.87362,2.397958,100100060:60,36671,PORTE DE MONTMARTRE,BORREGO,StopPoint:Node:1577467570,2.3979646999999997,48.8729885,100100060:60,36671,Porte de Montmartre,Borrégo,70.22911881829856
6351,RATP,StopPoint:59:6591535,48.875551,2.399799,100100060:60,36684,GAMBETTA,PELLEPORT - BELLEVILLE,StopPoint:Node:5142458113,2.3978466,48.87493,100100060:60,36684,Gambetta,Pelleport - Belleville,158.99805322960557
6365,RATP,StopPoint:59:3673610,48.874757,2.405725,100100061:61,20004,EGLISE DE PANTIN-METRO,PISCINE DES TOURELLES,StopPoint:Node:2042462285,2.4054302,48.8741352,100100061:61,20004,Pantin — Église de Pantin,Piscine des Tourelles,72.45131330328309
6534,RATP,StopPoint:59:3765214,48.858087,2.323666,100100063:63,35141,PORTE DE LA MUETTE,SOLFERINO - BELLECHASSE,StopPoint:Node:1529824781,2.322926,48.8588911,100100063:63,35141,Porte de la Muette,Solférino - Bellechasse,104.61711948955426
6564,RATP,StopPoint:59:3893415,48.86072,2.321186,100100063:63,29816,PORTE DE LA MUETTE,LILLE - UNIVERSITE,StopPoint:Node:2042462209,2.321907,48.8599782,100100063:63,29816,Porte de la Muette,Lille - Université,98.00005855074083
6916,RATP,StopPoint:59:3687108,48.859306,2.305795,100100069:69,26302,GAMBETTA,SAINT-PIERRE DU GROS CAILLOU,StopPoint:Node:3934026757,2.3071254,48.859591699999996,100100069:69,26302,Gambetta,Saint-Pierre du Gros Caillou,102.66149530429627
7068,RATP,StopPoint:59:5121356,48.847043,2.273597,100100072:72,8443,HOTEL DE VILLE,PONT MIRABEAU,StopPoint:Node:1827357920,2.2741123,48.8476843,100100072:72,8443,Hôtel de Ville,Pont Mirabeau,80.72479245392317
7160,RATP,StopPoint:59:4016737,48.891255,2.238406,100100073:73,10279,LA GARENNE-COLOMBES - CHARLEBOURG,LA DEFENSE-METRO-RER-TRAMWAY,StopPoint:Node:4897619879,2.2398438,48.890660399999994,100100073:73,10279,La Garenne-Colombes - Charlebourg,La Défense,124.45527094454661
7184,RATP,StopPoint:59:4022913,48.885267,2.258246,100100073:73,7757,MUSEE D'ORSAY,PONT DE NEUILLY-METRO,StopPoint:Node:605154896,2.2592982999999998,48.884838699999996,100100073:73,7757,Musée d'Orsay,Pont de Neuilly,90.69026458655793
7186,RATP,StopPoint:59:4022920,48.892074,2.239045,100100073:73,24262,MUSEE D'ORSAY,LA DEFENSE-METRO-RER-TRAMWAY.,StopPoint:Node:4881244390,2.2412617,48.890159399999995,100100073:73,24262,Musée d'Orsay,La Défense,267.87621167106045
7188,RATP,StopPoint:59:4022921,48.894968,2.239299,100100073:73,413000,LA GARENNE-COLOMBES - CHARLEBOURG,CARON,StopPoint:Node:4896802215,2.2406034999999997,48.8949923,100100073:73,413000,La Garenne-Colombes - Charlebourg,Caron,95.69129269510006
7196,RATP,StopPoint:59:4022929,48.899207,2.235788,100100073:73,23719,MUSEE D'ORSAY,PUVIS DE CHAVANNES,StopPoint:Node:4341202911,2.2369635999999997,48.8994666,100100073:73,23719,Musée d'Orsay,Puvis de Chavannes,90.90023311019247
7240,RATP,StopPoint:59:7275326,48.887115,2.25376,100100073:73,24256,LA GARENNE-COLOMBES - CHARLEBOURG,PONT DE NEUILLY - RIVE GAUCHE,StopPoint:Node:4894277307,2.2519532,48.8879455,100100073:73,24256,La Garenne-Colombes - Charlebourg,Pont de Neuilly - Rive Gauche,161.51577253969967
7306,RATP,StopPoint:59:4016293,48.891322,2.318669,100100074:74,24603,PLACE DE CLICHY,BROCHANT - CARDINET,StopPoint:Node:596079812,2.3179000999999997,48.891836,100100074:74,24603,Place de Clichy,Brochant - Cardinet,80.2899897227882
7309,RATP,StopPoint:59:4016293,48.891322,2.318669,100100074:74,24603,HOTEL DE VILLE,BROCHANT - CARDINET,StopPoint:Node:596079812,2.3179000999999997,48.891836,100100074:74,24603,Hôtel de Ville,Brochant - Cardinet,80.2899897227882
7313,RATP,StopPoint:59:4016294,48.89284,2.316447,100100074:74,30007,CLICHY - BERGES DE SEINE,BOULAY,StopPoint:Node:596069422,2.3150919,48.8936074,100100074:74,30007,Clichy-la-Garenne – Berges de Seine,Boulay,130.98405582939216
7314,RATP,StopPoint:59:4016294,48.89284,2.316447,100100074:74,30007,CLICHY - BERGES DE SEINE,BOULAY,StopPoint:Node:596069422,2.3150919,48.8936074,100100074:74,30007,Clichy-la-Garenne – Berges de Seine,Boulay,130.98405582939216
7390,RATP,StopPoint:59:4472777,48.895167,2.31248,100100074:74,2127,CLICHY - BERGES DE SEINE,PORTE DE CLICHY,StopPoint:Node:2700151127,2.3114404,48.895598799999995,100100074:74,2127,Clichy-la-Garenne – Berges de Seine,Porte de Clichy,90.09255765488683
7391,RATP,StopPoint:59:4472777,48.895167,2.31248,100100074:74,2127,CLICHY - BERGES DE SEINE,PORTE DE CLICHY,StopPoint:Node:2700151127,2.3114404,48.895598799999995,100100074:74,2127,Clichy-la-Garenne – Berges de Seine,Porte de Clichy,90.09255765488683
7495,RATP,StopPoint:59:3687278,48.863741,2.41669,100100076:76,39492,LOUVRE - RIVOLI,GALLIENI,StopPoint:Node:1711217453,2.4170351,48.8647025,100100076:76,39492,Louvre-Rivoli,Bagnolet – Gallieni,109.88267002192651
7684,RATP,StopPoint:59:3765214,48.858087,2.323666,100100083:83,35141,FRIEDLAND - HAUSSMANN,SOLFERINO - BELLECHASSE,StopPoint:Node:1529824781,2.322926,48.8588911,100100083:83,35141,Friedland - Haussmann,Solférino - Bellechasse,104.61711948955426
7702,RATP,StopPoint:59:3893415,48.86072,2.321186,100100083:83,29816,FRIEDLAND - HAUSSMANN,LILLE - UNIVERSITE,StopPoint:Node:2042462209,2.321907,48.8599782,100100083:83,29816,Friedland - Haussmann,Lille - Université,98.00005855074083
7853,RATP,StopPoint:59:7266068,48.905082,2.337382,100100085:85,37386,LUXEMBOURG,EUGENE LUMEAU - LES ECOLES,StopPoint:Node:2078369949,2.3384758999999997,48.904395,100100085:85,37386,Luxembourg,Eugène Lumeau - Les Écoles,110.76189242135824
7940,RATP,StopPoint:59:3764447,48.838691,2.316741,100100088:88,26609,MONTSOURIS-TOMBE ISSOIRE,MONTPARNASSE 2 - GARE TGV,StopPoint:Node:983637964,2.3219176,48.8375281,100100088:88,26609,Montsouris - Tombe Issoire,Jean Zay–Maine,401.4096340263522
8018,RATP,StopPoint:59:3887789,48.836963,2.306285,100100089:89,23325,PORTE DE FRANCE,ALLERAY,StopPoint:Node:973721596,2.3058614,48.837695,100100089:89,23325,Porte de France,Alleray,87.14051587874647
8086,RATP,StopPoint:59:3764997,48.83888,2.320009,100100091:91,28432,MONTPARNASSE 2 - GARE TGV,PLACE DE CATALOGNE,StopPoint:Node:765952391,2.3189743,48.8378306,100100091:91,28432,Montparnasse 2 - Gare TGV,Place de Catalogne,139.2414656914243
8130,RATP,StopPoint:59:3813124,48.853574,2.31299,100100092:92,37379,PORTE DE CHAMPERRET,VAUBAN - HOTEL DES INVALIDES,StopPoint:Node:5093998836,2.3115612999999997,48.853927399999996,100100092:92,37379,Porte de Champerret,Vauban - Hôtel des Invalides,111.96996314731463
8204,RATP,StopPoint:59:3893415,48.86072,2.321186,100100094:94,29816,LOUISON BOBET,LILLE - UNIVERSITE,StopPoint:Node:2042462209,2.321907,48.8599782,100100094:94,29816,Levallois - Louison Bobet,Lille - Université,98.00005855074083
8252,RATP,StopPoint:59:3926186,48.841855,2.320089,100100095:95,39726,PORTE DE MONTMARTRE,GARE MONTPARNASSE,StopPoint:Node:968070127,2.3210967,48.8420412,100100095:95,39726,Porte de Montmartre,Gare Montparnasse,76.81189658233188
8270,RATP,StopPoint:59:3926229,48.891754,2.334616,100100095:95,24889,PORTE DE VANVES,DAMREMONT - MARCADET,StopPoint:Node:974091280,2.3336335,48.891864899999995,100100095:95,24889,Porte de Vanves,Damrémont - Marcadet,73.09481842255866
8296,RATP,StopPoint:59:3673610,48.874757,2.405725,100100096:96,20004,PORTE DES LILAS,PISCINE DES TOURELLES,StopPoint:Node:2042462285,2.4054302,48.8741352,100100096:96,20004,Porte des Lilas,Piscine des Tourelles,72.45131330328309
8333,RATP,StopPoint:59:4037251,48.841801,2.319844,100100096:96,37568,PORTE DES LILAS,GARE MONTPARNASSE,StopPoint:Node:968108705,2.3208487,48.8419877,100100096:96,37568,Porte des Lilas,Gare Montparnasse,76.61498829461563
8336,RATP,StopPoint:59:4037251,48.841801,2.319844,100100096:96,37568,GARE MONTPARNASSE,GARE MONTPARNASSE,StopPoint:Node:968108705,2.3208487,48.8419877,100100096:96,37568,Gare Montparnasse,Gare Montparnasse,76.61498829461563
8454,RATP,StopPoint:59:5325152,48.831599,2.388106,100100109:109,37735,TERROIRS DE FRANCE,TERROIRS DE FRANCE,StopPoint:Node:1226726083,2.3892211,48.8322621,100100109:109,37735,Terroirs de France,Terroirs de France,110.1821912081563
8457,RATP,StopPoint:59:5325161,48.82725,2.404355,100100109:109,414771,LIBERTE-CHANZY,LIBERTE-CHANZY,StopPoint:Node:3522621284,2.4051937999999997,48.8268768,100100109:109,414771,Liberté - Chanzy,Liberté – Chanzy,74.26711169871807
8458,RATP,StopPoint:59:5325161,48.82725,2.404355,100100109:109,414771,TERROIRS DE FRANCE,LIBERTE-CHANZY,StopPoint:Node:3522621284,2.4051937999999997,48.8268768,100100109:109,414771,Terroirs de France,Liberté – Chanzy,74.26711169871807
8555,RATP,StopPoint:59:5325152,48.831599,2.388106,100100111:111,37735,TERROIRS DE FRANCE,TERROIRS DE FRANCE,StopPoint:Node:1226726083,2.3892211,48.8322621,100100111:111,37735,Terroirs de France,Terroirs de France,110.1821912081563
8891,RATP,StopPoint:59:5161418,48.805768,2.313311,100100128:128,413071,ROBINSON RER,JEAN-MARIN NAUDIN,StopPoint:Node:447882076,2.3138346,48.806387,100100128:128,413071,Robinson RER,Jean-Marin Naudin,78.85260377178001
8905,RATP,StopPoint:59:5161431,48.789405,2.292697,100100128:128,26829,ROBINSON RER,CHATEAU SAINTE-BARBE,StopPoint:Node:447891067,2.2920279,48.7898711,100100128:128,26829,Robinson RER,Château Sainte-Barbe,71.44132231281425
8913,RATP,StopPoint:59:5161445,48.780367,2.281716,100100128:128,40386,ROBINSON RER,ROBINSON RER,StopPoint:Node:3104458731,2.2813706,48.779586699999996,100100128:128,40386,Robinson RER,Robinson RER,90.41042318685643
8916,RATP,StopPoint:59:5161445,48.780367,2.281716,100100128:128,40386,PORTE D'ORLEANS-METRO,ROBINSON RER,StopPoint:Node:3104458731,2.2813706,48.779586699999996,100100128:128,40386,Porte d'Orléans,Robinson RER,90.41042318685643
8996,RATP,StopPoint:59:4843473,48.790478,2.39246,100100132:132,37166,BIBLIOTHEQUE FRANCOIS MITTERRAND,AUDIGEOIS,StopPoint:Node:2074591588,2.3933109,48.7908088,100100132:132,37166,Bibliothèque François Mitterrand,Audigeois,72.54187575909663
9013,RATP,StopPoint:59:4843530,48.808493,2.386342,100100132:132,413082,BIBLIOTHEQUE FRANCOIS MITTERRAND,GYMNASE AUGUSTE DELAUNE,StopPoint:Node:3498726528,2.3868327,48.8078967,100100132:132,413082,Bibliothèque François Mitterrand,Gymnase Auguste Delaune,75.47452521700221
9030,RATP,StopPoint:59:4230051,48.989246,2.375973,100100133:133,38755,LE BOURGET RER,SOUS-PREFECTURE,StopPoint:Node:5335245983,2.3769334,48.988777,100100133:133,38755,Le Bourget RER,Sous Préfecture,87.52722528122811
9031,RATP,StopPoint:59:4230051,48.989246,2.375973,100100133:133,38755,LE BOURGET-RER,SOUS-PREFECTURE,StopPoint:Node:5335245983,2.3769334,48.988777,100100133:133,38755,Le Bourget RER,Sous Préfecture,87.52722528122811
9069,RATP,StopPoint:59:5991326,48.932191,2.395039,100100143:143,24894,LA COURNEUVE - AUBERVILLIERS RER,LE CROULT,StopPoint:Node:5171665641,2.3937911,48.9322533,100100143:143,24894,La Courneuve – Aubervilliers RER,Le Croult,91.69702740848325
9095,RATP,StopPoint:59:5991372,48.885214,2.473373,100100143:143,22710,LA COURNEUVE - AUBERVILLIERS RER,ROSNY 2 - CENTRE COMMERCIAL,StopPoint:Node:5108973247,2.4742371999999997,48.8843688,100100143:143,22710,La Courneuve – Aubervilliers RER,Rosny 2 - Centre Commercial,113.36546782358916
9158,RATP,StopPoint:59:3731661,48.919667,2.450841,100100151:151,37419,PORTE DE PANTIN,PLACE DU 19 MARS 1962,StopPoint:Node:2479291125,2.4517018999999998,48.9200802,100100151:151,37419,Porte de Pantin,Place du 19 Mars 1962,78.05409140006311
9159,RATP,StopPoint:59:3731661,48.919667,2.450841,100100151:151,37419,PORTE DE PANTIN,PLACE DU 19 MARS 1962,StopPoint:Node:2479291125,2.4517018999999998,48.9200802,100100151:151,37419,Porte de Pantin,Place du 19 Mars 1962,78.05409140006311
9160,RATP,StopPoint:59:3731662,48.921039,2.45488,100100151:151,29496,JOUHAUX - BLUM,AUGUSTE BLANQUI,StopPoint:Node:5415401458,2.4538979999999997,48.9209756,100100151:151,29496,Bondy - Jouhaux–Blum,Auguste Blanqui,72.31280591116601
9161,RATP,StopPoint:59:3731662,48.921039,2.45488,100100151:151,29496,JOUHAUX - BLUM,AUGUSTE BLANQUI,StopPoint:Node:5415401458,2.4538979999999997,48.9209756,100100151:151,29496,Bondy - Jouhaux–Blum,Auguste Blanqui,72.31280591116601
9184,RATP,StopPoint:59:3731675,48.918163,2.479078,100100151:151,40062,PORTE DE PANTIN,JOUHAUX - BLUM,StopPoint:Node:5430696597,2.4777549,48.9182746,100100151:151,40062,Porte de Pantin,Jouhaux - Blum,97.76297190146053
9185,RATP,StopPoint:59:3731675,48.918163,2.479078,100100151:151,40062,PORTE DE PANTIN,JOUHAUX - BLUM,StopPoint:Node:5430696597,2.4777549,48.9182746,100100151:151,40062,Porte de Pantin,Jouhaux - Blum,97.76297190146053
9264,RATP,StopPoint:59:4024288,48.885313,2.259772,100100157:157,7760,BOULEVARD DE LA SEINE,PONT DE NEUILLY-METRO,StopPoint:Node:2250942914,2.2585699,48.8855262,100100157:157,7760,Nanterre - Boulevard de la Seine,Pont de Neuilly,91.29386915210902
9265,RATP,StopPoint:59:4024288,48.885313,2.259772,100100157:157,7760,PONT DE NEUILLY-METRO,PONT DE NEUILLY-METRO,StopPoint:Node:2250942914,2.2585699,48.8855262,100100157:157,7760,Pont de Neuilly,Pont de Neuilly,91.29386915210902
9304,RATP,StopPoint:59:4458757,48.80691,2.253766,100100162:162,26833,VILLEJUIF - LOUIS ARAGON,VALLEE DU BOIS,StopPoint:Node:5337339644,2.2549680999999997,48.806570199999996,100100162:162,26833,Villejuif Louis Aragon Métro,Vallée du Bois,96.04551524434241
9316,RATP,StopPoint:59:4458785,48.797384,2.348592,100100162:162,8047,VILLEJUIF - LOUIS ARAGON,BELVEDERE,StopPoint:Node:3647142080,2.3476372999999997,48.797821899999995,100100162:162,8047,Villejuif Louis Aragon Métro,Belvédère,85.38724451565187
9317,RATP,StopPoint:59:4458786,48.796512,2.350592,100100162:162,29835,VILLEJUIF - LOUIS ARAGON,INSTITUT GUSTAVE ROUSSY - HAUTES BRUYERES,StopPoint:Node:1296228607,2.3481932999999997,48.795637899999996,100100162:162,29835,Villejuif Louis Aragon Métro,Institut Gustave Roussy–Hautes Bruyères,201.26286167021752
9324,RATP,StopPoint:59:4458798,48.796611,2.350728,100100162:162,29839,VAL FLEURY RER,INSTITUT GUSTAVE ROUSSY - HAUTES BRUYERES,StopPoint:Node:1296228602,2.3485521,48.7955444,100100162:162,29839,Meudon Val Fleury RER,Institut Gustave Roussy–Hautes Bruyères,199.0606883360772
9361,RATP,StopPoint:59:7275415,48.797097,2.333831,100100162:162,28582,VAL FLEURY RER,COUSIN DE MERICOURT,StopPoint:Node:979833097,2.3332596,48.797711799999995,100100162:162,28582,Meudon Val Fleury RER,Cousin de Méricourt,80.22879105578059
9364,RATP,StopPoint:59:4015721,48.920894,2.27847,100100165:165,20104,PORTE DE CHAMPERRET,JAURES,StopPoint:Node:4347235939,2.2779389,48.921506799999996,100100165:165,20104,Porte de Champerret,Jaurès,78.48049607991568
9384,RATP,StopPoint:59:4677647,48.931058,2.277818,100100165:165,37181,ASNIERES-18 JUIN 1940,ASNIERES-18 JUIN 1940,StopPoint:Node:4322948647,2.2796095,48.9314867,100100165:165,37181,Asnières - 18 juin 1940,Asnières - 18 Juin 1940,139.6569930191355
9385,RATP,StopPoint:59:4677647,48.931058,2.277818,100100165:165,37181,PORTE DE CHAMPERRET,ASNIERES-18 JUIN 1940,StopPoint:Node:4322948647,2.2796095,48.9314867,100100165:165,37181,Porte de Champerret,Asnières - 18 Juin 1940,139.6569930191355
9421,RATP,StopPoint:59:3972547,48.903982,2.391818,100100170:170,22508,GARE DE SAINT-DENIS RER,QUATRE CHEMINS - REPUBLIQUE,StopPoint:Node:5512381144,2.3912571,48.9045572,100100170:170,22508,Saint-Denis RER,Quatre Chemins - République,76.04378136201247
9429,RATP,StopPoint:59:4009047,48.888095,2.403835,100100170:170,24630,GARE DE SAINT-DENIS RER,FRANKLIN,StopPoint:Node:5512381139,2.4036348,48.888728199999996,100100170:170,24630,Saint-Denis RER,Franklin,71.93089637660351
9430,RATP,StopPoint:59:4009047,48.888095,2.403835,100100170:170,24630,GARE DE SAINT-DENIS RER,FRANKLIN,StopPoint:Node:4642250850,2.4017664,48.894021599999995,100100170:170,24630,Saint-Denis RER,Montgolfier,676.3145204691476
9434,RATP,StopPoint:59:4009062,48.9219,2.375049,100100170:170,26494,GARE DE SAINT-DENIS RER,PONT DU CHEMIN DE FER,StopPoint:Node:1455100841,2.376208,48.9214991,100100170:170,26494,Saint-Denis RER,Pont du Chemin de Fer,95.92864699180636
9440,RATP,StopPoint:59:4009069,48.93047,2.35049,100100170:170,41696,GARE DE SAINT-DENIS RER,SQUARE DE GEYTER,StopPoint:Node:2708514757,2.3499795999999997,48.9310365,100100170:170,41696,Saint-Denis RER,Square de Geyter,73.26391743349109
9441,RATP,StopPoint:59:4009070,48.934173,2.347695,100100170:170,26925,GARE DE SAINT-DENIS RER,GARE DE SAINT-DENIS RER,StopPoint:Node:5519167113,2.3471944,48.9347907,100100170:170,26925,Saint-Denis RER,Gare de Saint-Denis - RER,77.87204568989313
9446,RATP,StopPoint:59:4009076,48.925578,2.366964,100100170:170,26504,PORTE DES LILAS,RUE DU PROGRES,StopPoint:Node:1455100864,2.3664856,48.926136299999996,100100170:170,26504,Porte des Lilas,Rue du Progrès,71.30136571739092
9449,RATP,StopPoint:59:4009079,48.918591,2.378524,100100170:170,26496,PORTE DES LILAS,HEURTAULT,StopPoint:Node:1455100854,2.3780270999999997,48.919269,100100170:170,26496,Porte des Lilas,Heurtault,83.73352596027776
9534,RATP,StopPoint:59:4843473,48.790478,2.39246,100100180:180,37166,CHARENTON-ECOLES,AUDIGEOIS,StopPoint:Node:2074591588,2.3933109,48.7908088,100100180:180,37166,Charenton – Écoles,Audigeois,72.54187575909663
9572,RATP,StopPoint:59:7275415,48.797097,2.333831,100100184:184,28582,PASTEUR,COUSIN DE MERICOURT,StopPoint:Node:979833097,2.3332596,48.797711799999995,100100184:184,28582,Fresnes Pasteur,Cousin de Méricourt,80.22879105578059
9637,RATP,StopPoint:59:4889645,48.78841,2.301349,100100188:188,30016,ROSENBERG,RUE DES BRUGNAUTS,StopPoint:Node:3601432412,2.3008512999999997,48.7892022,100100188:188,30016,Bagneux–Rosenberg,Rue des Brugnauts,95.38638754210831
9646,RATP,StopPoint:59:4889656,48.785536,2.31075,100100188:188,22873,PORTE D'ORLEANS,LES BAS COQUARTS,StopPoint:Node:3601432410,2.3115265,48.7861662,100100188:188,22873,Porte d'Orléans,Les Bas Coquarts,90.37378309640702
9944,RATP,StopPoint:59:3764007,48.750256,2.304542,100100197:197,8207,PORTE D'ORLEANS-METRO,PONT D'ANTONY,StopPoint:Node:1606161294,2.304563,48.7512164,100100197:197,8207,Porte d'Orléans,Pont d'Antony,106.81235537914179
9973,RATP,StopPoint:59:7275199,48.772243,2.312687,100100197:197,8208,PORTE D'ORLEANS-METRO,LES COTTAGES,StopPoint:Node:930358508,2.3130105999999997,48.7731414,100100197:197,8208,Porte d'Orléans,Les Cottages,102.69933959868618
10027,RATP,StopPoint:59:3677683,48.844281,2.626376,100100211:211,41551,TORCY RER,LE VERGER,StopPoint:Node:2109872390,2.6277342,48.8437177,100100211:211,41551,Torcy RER,Le Verger,117.73952207705574
10104,RATP,StopPoint:59:5121494,48.944312,2.295089,100100238:238,12421,PONT DE LEVALLOIS - BECON,BASSIN N0 5,StopPoint:Node:766299125,2.2950054,48.9436526,100100238:238,12421,Pont de Levallois,Bassin n°5,73.58625471971415
10163,RATP,StopPoint:59:7260959,48.927021,2.379935,100100253:253,26578,LA COURNEUVE - AUBERVILLIERS RER,LANGEVIN - WALLON,StopPoint:Node:5171665635,2.3836496,48.925293499999995,100100253:253,26578,La Courneuve - Aubervilliers RER,Saint-Just,333.1711311063591
10180,RATP,StopPoint:59:3754207,48.72928,2.359881,100100283:ORLYBUS,413252,DENFERT-ROCHEREAU-METRO-RER,ORLY OUEST,StopPoint:Node:4312006189,2.3597764,48.728589299999996,100100283:ORLYBUS,413252,Paris - Denfert-Rochereau,Aéroport d'Orly - Orly Ouest,77.19345067358849
10192,RATP,StopPoint:59:3909010,48.788963,2.288426,100100294:294,23156,PIERRE SEMARD - CHATILLON-MONTROUGE,BOULEVARD DE LA REPUBLIQUE,StopPoint:Node:5339594321,2.2880564999999997,48.788368299999995,100100294:294,23156,Châtillon - Montrouge,Boulevard de la République,71.49050230482804
10220,RATP,StopPoint:59:3764007,48.750256,2.304542,100100297:297,8207,PORTE D'ORLEANS-METRO,PONT D'ANTONY,StopPoint:Node:1606161294,2.304563,48.7512164,100100297:297,8207,Porte d'Orléans,Pont d'Antony,106.81235537914179
10241,RATP,StopPoint:59:7275199,48.772243,2.312687,100100297:297,8208,PORTE D'ORLEANS-METRO,LES COTTAGES,StopPoint:Node:930358508,2.3130105999999997,48.7731414,100100297:297,8208,Porte d'Orléans,Les Cottages,102.69933959868618
10265,RATP,StopPoint:59:4614407,48.809192,2.484985,100100306:306,39685,NOISY-LE-GRAND - MONT D'EST RER,CIMETIERE DE SAINT-MAUR-DES-FOSSES,StopPoint:Node:1549965824,2.4859926,48.808937799999995,100100306:306,39685,Noisy-le-Grand RER,Cimetière,79.22430055776641
10306,RATP,StopPoint:59:3687278,48.863741,2.41669,100100318:318,39492,CHATEAU DE VINCENNES,GALLIENI,StopPoint:Node:1711217453,2.4170351,48.8647025,100100318:318,39492,Château de Vincennes,Bagnolet – Gallieni,109.88267002192651
10324,RATP,StopPoint:59:5922171,48.863812,2.417044,100100318:318,421222,RAYMOND QUENEAU - ROUTE DE NOISY,GALLIENI,StopPoint:Node:2414716193,2.4173755,48.865035899999995,100100318:318,421222,Raymond Queneau (Pantin),Bagnolet – Gallieni,138.26249530500542
10349,RATP,StopPoint:59:5922209,48.873777,2.420384,100100318:318,37057,CHATEAU DE VINCENNES,GAMBETTA - RENE ALAZARD,StopPoint:Node:2841476332,2.4195868,48.872946299999995,100100318:318,37057,Château de Vincennes,Gambetta – René Alazard,109.33430104212256
10392,RATP,StopPoint:59:3754333,48.80515,2.346662,100100323:323,37921,GAMBETTA,LYCEE DARIUS MILHAUD - CHARLES GIDE,StopPoint:Node:1939566294,2.3478312,48.8053971,100100323:323,37921,Ivry-Gambetta,Lycée Darius Milhaud–Charles Gide,90.17433097921644
10421,RATP,StopPoint:59:4473591,48.802086,2.3396,100100323:323,24364,GAMBETTA,MALLERET-JOINVILLE,StopPoint:Node:3648043104,2.3429213,48.8040747,100100323:323,24364,Ivry-Gambetta,Malleret–Joinville,329.2975748454796
10422,RATP,StopPoint:59:4473592,48.8024,2.339749,100100323:323,24367,ISSY-VAL DE SEINE RER,MALLERET-JOINVILLE,StopPoint:Node:2563183469,2.3428383999999998,48.804218999999996,100100323:323,24367,Issy-Val de Seine,Malleret–Joinville,304.0115308962513
10497,RATP,StopPoint:59:5709859,48.820173,2.395309,100100325:325,23402,CHATEAU DE VINCENNES,JULES VANZUPPE,StopPoint:Node:1504219663,2.3938315,48.821503799999995,100100325:325,23402,Château de Vincennes,Jules Vanzuppe,183.50464182702598
10527,RATP,StopPoint:59:3672173,48.850736,2.416057,100100351:351,28370,ROISSYPOLE,ERIGNAC,StopPoint:Node:2415367932,2.4159031,48.851534099999995,100100351:351,28370,Roissypole,Érignac,89.46996669362727
10548,RATP,StopPoint:59:4458785,48.797384,2.348592,100100380:380,8047,VILLEJUIF - LOUIS ARAGON,BELVEDERE,StopPoint:Node:3647142080,2.3476372999999997,48.797821899999995,100100380:380,8047,Villejuif - Louis Aragon,Belvédère,85.38724451565187
10584,RATP,StopPoint:59:5121409,48.813549,2.301971,100100388:388,15118,BOURG-LA-REINE RER,ETIENNE DOLET,StopPoint:Node:2441825961,2.3028833,48.814090199999995,100100388:388,15118,Bourg-la-Reine RER,Étienne Dolet,90.06452216913979
10599,RATP,StopPoint:59:5137991,48.788394,2.310163,100100388:388,27303,BOURG-LA-REINE RER,FRERES LUMIERE,StopPoint:Node:3585571593,2.3104465,48.789018899999995,100100388:388,27303,Bourg-la-Reine RER,Frères Lumière,72.54763093286059
10611,RATP,StopPoint:59:5138012,48.801665,2.295408,100100388:388,28241,PORTE D'ORLEANS,REPUBLIQUE - LIBERTE,StopPoint:Node:2899578901,2.2942014,48.8011932,100100388:388,28241,Porte d'Orléans,République - Liberté,103.00361859394334
10664,RATP,StopPoint:59:5370695,48.783624,2.289642,100100390:390,26826,EUROPE SUD,AUGUSTIN CLAUDE,StopPoint:Node:3567258458,2.2886242,48.783497399999995,100100390:390,26826,Vélizy - Europe Sud,Augustin Claude,76.10986237486348
10708,RATP,StopPoint:59:5137991,48.788394,2.310163,100100391:391,27303,GARE DE VANVES-MALAKOFF,FRERES LUMIERE,StopPoint:Node:3585571593,2.3104465,48.789018899999995,100100391:391,27303,Gare de Vanves–Malakoff,Frères Lumière,72.54763093286059
10731,RATP,StopPoint:59:5161431,48.789405,2.292697,100100394:394,26829,BOURG-LA-REINE RER,CHATEAU SAINTE-BARBE,StopPoint:Node:447891067,2.2920279,48.7898711,100100394:394,26829,Bourg-la-Reine RER,Château Sainte-Barbe,71.44132231281425
10816,RATP,StopPoint:59:3750040,48.895092,2.371417,100100519:NEY-FLA,24604,PORTE D'AUBERVILLIERS - OBERLE.,EVANGILE - AUBERVILLIERS,StopPoint:Node:2472523787,2.3712644,48.8961681,100100519:NEY-FLA,24604,Porte d'Aubervilliers - Oberlé,Évangile - Aubervilliers,120.19258888840699
10822,RATP,StopPoint:59:6263520,48.81749,2.325147,100100526:MONTBUS,24205,CHATILLON - MONTROUGE-METRO.,AMAURY DUVAL,StopPoint:Node:2597122243,2.3238843,48.8177212,100100526:MONTBUS,24205,Châtillon - Montrouge Métro,Amaury Duval,96.22927523460994
10968,Noctilien,StopPoint:59:4016293,48.891322,2.318669,100987753:N51,24603,GARE SAINT-LAZARE.,BROCHANT - CARDINET,StopPoint:Node:596079812,2.3179000999999997,48.891836,100987753:N51,24603,Gare Saint-Lazare,Brochant - Cardinet,80.2899897227882
10970,Noctilien,StopPoint:59:4016294,48.89284,2.316447,100987753:N51,30007,GARE D'ENGHIEN-LES-BAINS,BOULAY,StopPoint:Node:596069422,2.3150919,48.8936074,100987753:N51,30007,Gare d’Enghien,Boulay,130.98405582939216
11051,Noctilien,StopPoint:59:3716895,48.843693,2.373303,100987757:N34,421409,GARE DE LYON,GARE DE LYON,StopPoint:Node:1352477879,2.3741662999999997,48.8432202,100987757:N34,421409,Gare de Lyon,Gare de Lyon,82.33997098409341
11075,Noctilien,StopPoint:59:3716895,48.843693,2.373303,100987758:N33,421409,GARE DE LYON,GARE DE LYON,StopPoint:Node:1352477879,2.3741662999999997,48.8432202,100987758:N33,421409,Gare de Lyon,Gare de Lyon,82.33997098409341
11251,Noctilien,StopPoint:59:5121356,48.847043,2.273597,100987761:N61,8443,GARE MONTPARNASSE,PONT MIRABEAU,StopPoint:Node:1827357920,2.2741123,48.8476843,100987761:N61,8443,Gare Montparnasse,Pont Mirabeau,80.72479245392317
11423,Noctilien,StopPoint:59:6251745,48.857116,2.350308,100987768:N22,423997,CHATELET,CHATELET,StopPoint:Node:2079093349,2.3479776,48.8569083,100987768:N22,423997,Châtelet,Châtelet,172.55996943161279
11427,Noctilien,StopPoint:59:3764447,48.838691,2.316741,100987769:N63,26609,MASSY-PALAISEAU RER,MONTPARNASSE 2 - GARE TGV,StopPoint:Node:983637964,2.3219176,48.8375281,100987769:N63,26609,Massy-Palaiseau,Jean Zay–Maine,401.4096340263522
11428,Noctilien,StopPoint:59:3909010,48.788963,2.288426,100987769:N63,23156,GARE MONTPARNASSE,BOULEVARD DE LA REPUBLIQUE,StopPoint:Node:5339594321,2.2880564999999997,48.788368299999995,100987769:N63,23156,Gare Montparnasse,Boulevard de la République,71.49050230482804
11454,Noctilien,StopPoint:59:5138012,48.801665,2.295408,100987769:N63,28241,GARE MONTPARNASSE,REPUBLIQUE - LIBERTE,StopPoint:Node:2899578901,2.2942014,48.8011932,100987769:N63,28241,Gare Montparnasse,République - Liberté,103.00361859394334
11665,Noctilien,StopPoint:59:3926297,48.846136,2.376886,100987780:N11,24798,CHATEAU DE VINCENNES,DAUMESNIL - DIDEROT,StopPoint:Node:1223052374,2.3780989999999997,48.846289,100987780:N11,24798,Château de Vincennes,Daumesnil - Diderot,90.64158374359499
11801,Noctilien,StopPoint:59:4016293,48.891322,2.318669,100987782:N15,24603,VILLEJUIF - LOUIS ARAGON-METRO,BROCHANT - CARDINET,StopPoint:Node:596079812,2.3179000999999997,48.891836,100987782:N15,24603,Villejuif – Louis Aragon,Brochant - Cardinet,80.2899897227882
12661,SQYBUS,StopPoint:41:6592,48.769366,1.919888,230410432:36-12,21123,La Verrière Gare,Place des Buttes,StopPoint:Node:3522349999,1.9201831999999999,48.770040099999996,230410432:36-12,21123,Gare de La Verrière,Place des Buttes,78.04101892358678
12662,SQYBUS,StopPoint:41:6592,48.769366,1.919888,230410432:36-12,21123,La Verrière Gare,Place des Buttes,StopPoint:Node:3522349999,1.9201831999999999,48.770040099999996,230410432:36-12,21123,Gare de La Verrière,Place des Buttes,78.04101892358678
12663,SQYBUS,StopPoint:41:6592,48.769366,1.919888,230410432:36-12,21123,La Verrière Gare,Place des Buttes,StopPoint:Node:3522349999,1.9201831999999999,48.770040099999996,230410432:36-12,21123,Gare de La Verrière,Place des Buttes,78.04101892358678
12664,SQYBUS,StopPoint:41:6592,48.769366,1.919888,230410432:36-12,21123,La Verrière Gare,Place des Buttes,StopPoint:Node:3522349999,1.9201831999999999,48.770040099999996,230410432:36-12,21123,Gare de La Verrière,Place des Buttes,78.04101892358678
12740,SQYBUS,StopPoint:41:5985,48.771648,1.954395,230410441:441,4362,Trou Berger,Allée de la Garonne,StopPoint:Node:3721477411,1.9533468999999999,48.7720019,230410441:441,4362,Trou Berger,Allée de la Garonne,86.51119102793666
12938,Busval d'Oise,StopPoint:87:67,49.072865,1.772086,251195011:95-11,416920,Gare Mantes-la-Jolie,la Bucaille,StopPoint:Node:5453225467,1.7713519,49.0734241,251195011:95-11,416920,Gare Mantes-la-Jolie,La Bucaille,82.11589414580467
12939,Busval d'Oise,StopPoint:87:67,49.072865,1.772086,251195011:95-11,416920,Gare Mantes-la-Jolie,la Bucaille,StopPoint:Node:5453225467,1.7713519,49.0734241,251195011:95-11,416920,Gare Mantes-la-Jolie,La Bucaille,82.11589414580467
12971,Busval d'Oise,StopPoint:87:80,49.084109,1.644418,251195011:95-11,416950,Gare Mantes-la-Jolie,Haute Isle / les Roches Blanches,StopPoint:Node:5387500866,1.6474449,49.0841652,251195011:95-11,416950,Gare Mantes-la-Jolie,Haute Isle / les Roches Blanches,221.19871107686242
12973,Busval d'Oise,StopPoint:87:82,49.078978,1.672981,251195011:95-11,416883,Gare Mantes-la-Jolie,Chantemesle,StopPoint:Node:4509397801,1.6742171,49.078609,251195011:95-11,416883,Gare Mantes-la-Jolie,Chantemesle,99.19176174357298
12974,Busval d'Oise,StopPoint:87:83,49.075729,1.681846,251195011:95-11,416879,Gare Mantes-la-Jolie,Lapin Savant,StopPoint:Node:4509383817,1.6799738,49.0764036,251195011:95-11,416879,Gare Mantes-la-Jolie,Lapin Savant,156.00701102236258
12977,Busval d'Oise,StopPoint:87:85,49.059608,1.700209,251195011:95-11,416873,Gare Mantes-la-Jolie,Route de Vétheuil,StopPoint:Node:4510738618,1.6968950999999999,49.052963399999996,251195011:95-11,416873,Gare Mantes-la-Jolie,Route de Vétheuil,777.6344094141883
12978,Busval d'Oise,StopPoint:87:85,49.059608,1.700209,251195011:95-11,416873,Gare Mantes-la-Jolie,Route de Vétheuil,StopPoint:Node:4510738618,1.6968950999999999,49.052963399999996,251195011:95-11,416873,Gare Mantes-la-Jolie,Route de Vétheuil,777.6344094141883
13009,Busval d'Oise,StopPoint:87:149,49.08791,1.989634,251195041:95-41,416958,Place d'Armes,Les Côteaux,StopPoint:Node:3194366892,1.9874759,49.0898332,251195041:95-41,416958,Magny-en-Vexin - Place d'Armes,Les Côteaux,265.6933557238461
13011,Busval d'Oise,StopPoint:87:149,49.08791,1.989634,251195041:95-41,416958,Place d'Armes,Les Côteaux,StopPoint:Node:3194366892,1.9874759,49.0898332,251195041:95-41,416958,Magny-en-Vexin - Place d'Armes,Les Côteaux,265.6933557238461
13080,Busval d'Oise,StopPoint:87:116,49.075882,1.681939,251195047:95-47,416876,Collège,Lapin Savant,StopPoint:Node:4509383818,1.6801218,49.0764223,251195047:95-47,416876,Collège,Lapin Savant,145.72930274978916
13083,Busval d'Oise,StopPoint:87:119,49.08427,1.644416,251195047:95-47,416948,Collège,Haute Isle / les Roches Blanches,StopPoint:Node:4509281055,1.64705,49.084224299999995,251195047:95-47,416948,Collège,Haute Isle / les Roches Blanches,192.47633930776053
13088,Busval d'Oise,StopPoint:87:124,49.088862,1.676192,251195047:95-47,416891,Collège,Foyer Rural,StopPoint:Node:4509274452,1.6770140999999998,49.0894987,251195047:95-47,416891,Collège,Foyer Rural,92.84110334072298
13089,Busval d'Oise,StopPoint:87:125,49.122659,1.691148,251195047:95-47,416893,Collège,Salle des Fêtes,StopPoint:Node:4509302681,1.6904868,49.123257599999995,251195047:95-47,416893,Collège,Salle des Fêtes,82.22526122400441
13093,Busval d'Oise,StopPoint:87:185,49.121707,1.692926,251195047:95-47,416983,Collège,Eglise,StopPoint:Node:4509335207,1.6949778999999998,49.121711399999995,251195047:95-47,416983,Collège,Église,149.7758300308046
13198,Seine-Saint-Denis,StopPoint:70:16127,48.90553,2.523051,293193601:601,19214,Hôpital Intercommunal,République Marx Dormoy,StopPoint:Node:5238937321,2.5239461999999997,48.9063565,293193601:601,19214,Montfermeil — Hôpital Intercommunal,République — Marx Dormoy,112.93767555482943
13199,Seine-Saint-Denis,StopPoint:70:16127,48.90553,2.523051,293193601:601,19214,Hôpital Intercommunal,République Marx Dormoy,StopPoint:Node:5238937321,2.5239461999999997,48.9063565,293193601:601,19214,Montfermeil — Hôpital Intercommunal,République — Marx Dormoy,112.93767555482943
13230,Seine-Saint-Denis,StopPoint:70:16127,48.90553,2.523051,293193605:605,19214,Gare d'Aulnay-sous-Bois,République Marx Dormoy,StopPoint:Node:5238937321,2.5239461999999997,48.9063565,293193605:605,19214,Gare d'Aulnay-sous-Bois,République — Marx Dormoy,112.93767555482943
13350,TICE,StopPoint:10:1324,48.661652,2.34217,400400420:420,3271,Grigny Centre RER,Guérinière,StopPoint:Node:5293702564,2.3407606999999997,48.6624766,400400420:420,3271,Grigny - Centre RER,La Guérinière,138.51529681555044
13374,TICE,StopPoint:10:408,48.654774,2.352793,400400420:420,3944,Grigny Centre RER,Place Marcel Sembat,StopPoint:Node:3244472582,2.3516767,48.6545564,400400420:420,3944,Grigny - Centre RER,Place Marcel Sembat,85.7306977336455
13391,Noctilien,StopPoint:8758821:800:N130,48.823182,2.542343,800:N130,411307,MARNE LA VALLEE CHESSY NOCTILIEN,VILLIERS SUR MARNE NOCTILIEN,StopPoint:Node:839697468,2.5439488999999997,48.8237848,800:N130,411307,Marne-la-Vallée - Chessy RER,Villiers-sur-Marne–Le Plessis-Trévise RER,135.6434232145645
13393,Noctilien,StopPoint:8798466:800:N130,48.824313,2.496135,800:N130,41423,MARNE LA VALLEE CHESSY NOCTILIEN,PARC DU TREMBLAY,StopPoint:Node:1227177082,2.4936532,48.8281454,800:N130,41423,Marne-la-Vallée - Chessy RER,Parc du Tremblay,463.51148054163144
13396,Noctilien,StopPoint:8798553:800:N130,48.843253,2.645706,800:N130,41428,MARNE LA VALLEE CHESSY NOCTILIEN,COLLEGE JEAN MONNET,StopPoint:Node:4262164607,2.647812,48.842506,800:N130,41428,Marne-la-Vallée - Chessy RER,Collège Jean Monnet,175.49088111292704
13400,Noctilien,StopPoint:8798650:800:N130,48.840698,2.378611,800:N130,41430,MARNE LA VALLEE CHESSY NOCTILIEN,MINISTERE DES FINANCES POPB,StopPoint:Node:2042462007,2.382199,48.837707599999995,800:N130,41430,Marne-la-Vallée - Chessy RER,Gare de Bercy - POPB,424.2197676794585
13402,Noctilien,StopPoint:8798690:800:N130,48.832776,2.389973,800:N130,41439,MARNE LA VALLEE CHESSY NOCTILIEN,TERROIRS DE FRANCE CINECITE,StopPoint:Node:2012565981,2.3879883,48.8318644,800:N130,41439,Marne-la-Vallée - Chessy RER,Terroirs de France,177.50700056274502
13406,Noctilien,StopPoint:8798692:800:N130,48.827291,2.530421,800:N130,413033,MARNE LA VALLEE CHESSY NOCTILIEN,BEAUSEJOUR,StopPoint:Node:839697523,2.5349349,48.8270317,800:N130,413033,Marne-la-Vallée - Chessy RER,Beauséjour,332.68354766829185
13408,Noctilien,StopPoint:8798693:800:N130,48.82947,2.539278,800:N130,41442,MARNE LA VALLEE CHESSY NOCTILIEN,FRIEDBERG,StopPoint:Node:1018521012,2.5397917,48.8301564,800:N130,41442,Marne-la-Vallée - Chessy RER,Friedberg,85.14167572712152
13440,Noctilien,StopPoint:8741455:800:N145,48.763267,1.94755,800:N145,41270,GARE DE L'EST NOCTILIEN,LES PYRAMIDES,StopPoint:Node:1537096682,1.9485047,48.764209099999995,800:N145,41270,Gare de l’Est,Les Pyramides,126.10392118999819
13456,Noctilien,StopPoint:8759187:800:N145,48.755597,1.943856,800:N145,411273,GARE DE L'EST NOCTILIEN,LA VERRIERE NOCTILIEN,StopPoint:Node:2692630851,1.942861,48.7555118,800:N145,411273,Gare de l’Est,Gare de La Verrière,73.77250574735595
